"Category","Total_Respondents","Percentage"
"",190385,75.8696405870796
"Female",30276,12.0651797064602
"Male",30276,12.0651797064602
"",92928,37.032402555223
"Asian/Pacific Islander",30773,12.2632373862762
"Black, non-Hispanic",31649,12.6123289909419
"Hispanic",32205,12.8338985482412
"Native Am/Alaskan Native",31050,12.3736236585278
"White, non-Hispanic",32332,12.8845088607898
